{
    "menu" : [
        {
            "id" : 1,
            "name" : "Home",
            "url" : "/"
        },
        {
            "id" : 2,
            "name" : "Features",
            "url" : "/features"
        },
        {
            "id" : 3,
            "name" : "Pricing",
            "url" : "/pricing"
        },
        {
            "id" : 4,
            "name" : "FAQs",
            "url" : "/faqs"
        },
        {
            "id" : 5,
            "name" : "About",
            "url" : "/about"
        }
    ],
    "sidemenu" : [
        {
            "id" : 1,
            "name" : "fas fa-search",
            "url" : "search"
        },
        {
            "id" : 2,
            "name" : "fas fa-user",
            "url" : "/user"
        },
        {
            "id" : 3,
            "name" : "fas fa-random",
            "url" : "/compare"
        },
        {
            "id" : 4,
            "name" : "far fa-heart",
            "url" : "/wishlist"
        },
        {
            "id" : 5,
            "name" : "fas fa-shopping-bag",
            "url" : "/cart"
        }
    ],
    "category" : [
        { 
            "id" : 1,
            "name" : "fashion"
        },
        { 
            "id" : 2,
            "name" : "men"
        },
        { 
            "id" : 3,
            "name" : "women"
        }
    ]
}
